Instruction,Input,Output,materi,question_id,Template,correct_answer
Design a class in Python that models a customer with the following properties,"Attributes: name, email, phone_number, address.","class Customer:
    def __init__(self,name, email, phone_number, address):
        self.name = name
        self.email = email
        self.phone_number = phone_number
        self.address = address",OOP,34,"class ___:
    def __init__(self,name, email, phone_number, address):
        self.name = name
        self.email = email
        self.phone_number = phone_number
        self.address = address",Customer
Create a class in Python that represents a given animal object.,Cat,"class Cat:
    def __init__(self):
        self.name = """"
        self.colour = """"
        self.age = 0
        self.breed = """"

    def meow(self):
        print(self.name, ""says meow!"")",OOP,595,"class ___:
    def __init__(self):
        self.name = """"
        self.colour = """"
        self.age = 0
        self.breed = """"

    def meow(self):
        print(self.name, ""says meow!"")",Cat
Extend a Python class to create another class with similar behavior.,"class Vehicle:
	def __init__(self):
		self.speed = 0
		self.odometer = 0
		self.time = 0","class Motorcycle(Vehicle):
    def __init__(self):
        super().__init__()
        self.num_wheels = 2
        self.type = 'motorcycle'

    def accelerate(self):
        self.speed += 10

    def brake(self):
        self.speed = max(self.speed - 7, 0)",OOP,836,"class ___(Vehicle):
    def __init__(self):
        super().__init__()
        self.num_wheels = 2
        self.type = 'motorcycle'

    def accelerate(self):
        self.speed += 10

    def brake(self):
        self.speed = max(self.speed - 7, 0)",Motorcycle
Edit the following Python class such that it can accept a variable number of parameters.,"class Person:
    def __init__(self, name, age, weight):
        self.name = name
        self.age = age
        self.weight = weight","class Person:
    def __init__(self, *args):
        self.name = args[0]
        self.age = args[1]
        self.weight = args[2]",OOP,1386,"class ___:
    def __init__(self, *args):
        self.name = args[0]
        self.age = args[1]
        self.weight = args[2]",Person
Write Python code to implement a class like this.,"class Employee: 
    def __init__(self, name, age): 
        self.name = name 
        self.age = age","class Employee: 
    def __init__(self, name, age):
        self.name = name 
        self.age = age 
    
     def __str__(self): 
        return ""Employee({0}, {1})"".format(self.name,self.age) 
 
emp = Employee(""John"", 24) 
print(emp)",OOP,1520,"class ___: 
    def __init__(self, name, age):
        self.name = name 
        self.age = age 
    
     def __str__(self): 
        return ""Employee({0}, {1})"".format(self.name,self.age) 
 
emp = Employee(""John"", 24) 
print(emp)",Employee
Generate a class in Python using the parameters provided in the following Input section.,"class_name = ""Person""
attributes = [""Name"", ""Age"", ""Gender""]","class Person:
    def __init__(self, Name, Age, Gender):
        self.Name = Name
        self.Age = Age
        self.Gender = Gender",OOP,1781,"class ___:
    def __init__(self, Name, Age, Gender):
        self.Name = Name
        self.Age = Age
        self.Gender = Gender",Person
Transform the code snippet into a Python class.,"def multiply(x, y):
    return x * y","class Calculator:
    def __init__(self):
        pass

    def multiply(self, x, y):
        return x * y",OOP,1797,"class ___:
    def __init__(self):
        pass

    def multiply(self, x, y):
        return x * y",Calculator
"Generate a new Python class which extends some existing class, but with a modified constructor.","class A:
    def __init__(self, param1, param2):
        self.param1 = param1
        self.param2 = param2","class B(A):
    def __init__(self, param1, param2, param3):
        super().__init__(param1, param2)
        self.param3 = param3",OOP,1871,"class ___(A):
    def __init__(self, param1, param2, param3):
        super().__init__(param1, param2)
        self.param3 = param3",B
Complete the Python class below so that it can calculate the sum of two integers.,"class Sum:
    def __init__(self, x, y):
        self.x = x
        self.y = y","class Sum:
    def __init__(self, x, y):
        self.x = x
        self.y = y
        
    def add(self):
        return self.x + self.y",OOP,2023,"class ___:
    def __init__(self, x, y):
        self.x = x
        self.y = y
        
    def add(self):
        return self.x + self.y",Sum
Write a Python class to represent a polynomial of degree n.,<no input>,"class Polynomial:
    def __init__(self, coeff):
        self.coeff = coeff

    def __call__(self, x):
        result = 0
        for idx, c in enumerate(self.coeff):
            result += c * x ** idx
        return result",OOP,2112,"class ___:
    def __init__(self, coeff):
        self.coeff = coeff

    def __call__(self, x):
        result = 0
        for idx, c in enumerate(self.coeff):
            result += c * x ** idx
        return result",Polynomial
What is the purpose of the method in line 4 of the code?,"def random_number_generator(min, max):
  """"""Return a random number between the given range.""""""
  rng = random.range(min, max)
  return rng","The purpose of the method in line 4 is to generate a random number within the given range of min and max. It uses the Python's random.range() method which returns a random integer from the range of min to max, inclusive.",OOP,2201,"The purpose of the method ___ line 4 is to generate a random number within the given range of min and max. It uses the Python's random.range() method which returns a random integer from the range of min to max, inclusive.",in
"using the following Json as an example, write a Python program that reads this Json into an object.","{
   ""id"":1,
   ""name"":""Testing"",
   ""description"":""This is a test""
}","import json

# example data
data = '{""id"":1,""name"":""Testing"",""description"":""This is a test""}'

# parse data into a Python object
obj = json.loads(data)

print(obj)",OOP,2208,"import json

# example data
data = '{""id"":1,""name"":""Testing"",""description"":""This is a test""}'

# parse data into a Python object ___ = json.loads(data)

print(obj)",obj
Create a class in Python that takes two arguments a 'name' and 'age' and returns a greeting.,-,"class Greeting:
    def __init__(self, name, age):
        self.name = name
        self.age = age
    
    def get_greeting(self):
        return f""Hello, my name is {self.name} and I am {self.age} years old.""",OOP,2282,"class ___:
    def __init__(self, name, age):
        self.name = name
        self.age = age
    
    def get_greeting(self):
        return f""Hello, my name is {self.name} and I am {self.age} years old.""",Greeting
Construct a Python class that takes a given number and calculates the sum of the digits.,6342,"class SumOfDigits:
    
    def __init__(self, num):
        self.num = num
    
    def calculate_sum_of_digits(self):
        total = 0
        for ch in str(self.num):
            total += int(ch)
        return total

digit_sum = SumOfDigits(6342)
result = digit_sum.calculate_sum_of_digits()
print(result)",OOP,2456,"class ___:
    
    def __init__(self, num):
        self.num = num
    
    def calculate_sum_of_digits(self):
        total = 0
        for ch in str(self.num):
            total += int(ch)
        return total

digit_sum = SumOfDigits(6342)
result = digit_sum.calculate_sum_of_digits()
print(result)",SumOfDigits
Create a python class that simulates an invoice with information about the item and the cost.,"Example of an Invoice:

Item: Pen
Price: $3","class Invoice:
    def __init__(self, item, price):
        self.item = item
        self.price = price
    
    def get_item(self):
        return self.item
    
    def get_price(self):
        return self.price

invoice = Invoice(""Pen"", 3)",OOP,2520,"class ___:
    def __init__(self, item, price):
        self.item = item
        self.price = price
    
    def get_item(self):
        return self.item
    
    def get_price(self):
        return self.price

invoice = Invoice(""Pen"", 3)",Invoice
Design a class in Python to store details of a person,"Name: John
Age: 34","class Person:
    def __init__(self, name, age):
        self.name = name
        self.age = age

person = Person('John', 34)",OOP,2577,"class ___:
    def __init__(self, name, age):
        self.name = name
        self.age = age

person = Person('John', 34)",Person
Design a class in Python to represent a circle.,< noinput >,"class Circle:
    """"""Class to represent a circle.""""""
    def __init__(self, radius):
        """"""Initialize the circle.""""""
        self.radius = radius

    def get_area(self):
        """"""Calculate and return the area of the circle.""""""
        return 3.14 * self.radius * self.radius",OOP,2782,"class ___:
    """"""Class to represent a circle.""""""
    def __init__(self, radius):
        """"""Initialize the circle.""""""
        self.radius = radius

    def get_area(self):
        """"""Calculate and return the area of the circle.""""""
        return 3.14 * self.radius * self.radius",Circle
Construct a Python class with the following atributes and methods.,"Attributes: name, ID
Methods: setName, setID, getName, getID","class MyClass:
    def __init__(self):
        self.name = """"
        self.ID = 0
 
    def setName(self, name):
        self.name = name
    
    def setID(self, ID):
        self.ID = ID
 
    def getName(self):
        return self.name
 
    def getID(self):
        return self.ID",OOP,3142,"class ___:
    def __init__(self):
        self.name = """"
        self.ID = 0
 
    def setName(self, name):
        self.name = name
    
    def setID(self, ID):
        self.ID = ID
 
    def getName(self):
        return self.name
 
    def getID(self):
        return self.ID",MyClass
Create a class in python that finds the sum of two numbers.,No input,"class Sum:
    def __init__(self, x, y):
        self.x = x
        self.y = y
    
    def find_sum(self):
        return self.x + self.y
        
if __name__ == '__main__':
    s = Sum(10, 5)
    print(s.find_sum())",OOP,3380,"class ___:
    def __init__(self, x, y):
        self.x = x
        self.y = y
    
    def find_sum(self):
        return self.x + self.y
        
if __name__ == '__main__':
    s = Sum(10, 5)
    print(s.find_sum())",Sum
Create a class in Python to generate a calendar.,"calendarName = ""My Calendar""","class CalendarGenerator(object):

    def __init__(self, name):
        self.name = name

    def generate_calendar(self):
        calendar = []

        # Code to generate a calendar goes here

        return calendar

calendar = CalendarGenerator(calendarName)
calendar.generate_calendar()",OOP,3441,"class ___(object):

    def __init__(self, name):
        self.name = name

    def generate_calendar(self):
        calendar = []

        # Code to generate a calendar goes here

        return calendar

calendar = CalendarGenerator(calendarName)
calendar.generate_calendar()",CalendarGenerator
Create a class in Python to handle the following Student object.,"Name: John
Age: 20
Marks: [80, 90, 85, 100]","class Student:
    def __init__(self, name, age, marks):
        self.name = name
        self.age = age
        self.marks = marks
        
    def get_name(self):
        return self.name
    
    def get_age(self):
        return self.age
    
    def get_total_marks(self):
        return sum(self.marks)",OOP,3483,"class ___:
    def __init__(self, name, age, marks):
        self.name = name
        self.age = age
        self.marks = marks
        
    def get_name(self):
        return self.name
    
    def get_age(self):
        return self.age
    
    def get_total_marks(self):
        return sum(self.marks)",Student
Rewrite a given Java class using Python syntax.,"Java class MyClass with fields ""x"" and ""y"":

public class MyClass {
 int x;
 int y;

 public MyClass(int x, int y) {
  this.x = x;
  this.y = y;
 }
}","class MyClass:
 def __init__(self, x, y):
  self.x = x
  self.y = y",OOP,3924,"class ___:
 def __init__(self, x, y):
  self.x = x
  self.y = y",MyClass
Create a Python class with the given attributes and functions.,"Attributes: name (string), age (integer), email address (string)
Function: toString() - return a string with the formatted attributes","class Person:
    
    def __init__(self, name, age, email):
        self.name = name
        self.age = age
        self.email = email
    
    def toString(self):
        return f""Name: {self.name}, Age: {self.age}, Email: {self.email}""",OOP,3963,"class ___:
    
    def __init__(self, name, age, email):
        self.name = name
        self.age = age
        self.email = email
    
    def toString(self):
        return f""Name: {self.name}, Age: {self.age}, Email: {self.email}""",Person
Generate a class in Python that can store the following data,"Month, Calories, Exercise Minutes","class HealthData:
    def __init__(self, month, calories, minutes):
        self.month = month
        self.calories = calories
        self.minutes = minutes",OOP,4017,"class ___:
    def __init__(self, month, calories, minutes):
        self.month = month
        self.calories = calories
        self.minutes = minutes",HealthData
Develop an object orientated program in Python to generate random numbers.,Range: 10-50,"import random

class RandNumGenerator:
    def __init__(self, low, high):
        self.low = low
        self.high = high
    
    def generate_rand_num(self):
        return random.randint(self.low, self.high)

if __name__ == '__main__':
    gen = RandNumGenerator(10, 50)
    print(gen.generate_rand_num())",OOP,4276,"import random

class ___:
    def __init__(self, low, high):
        self.low = low
        self.high = high
    
    def generate_rand_num(self):
        return random.randint(self.low, self.high)

if __name__ == '__main__':
    gen = RandNumGenerator(10, 50)
    print(gen.generate_rand_num())",RandNumGenerator
Create a class in Python that can represent a 3D point with the given fields.,x y and z coordinates,"class Point3D:
  def __init__(self, x, y, z):
    self.x = x
    self.y = y
    self.z = z

  def __str__(self):
    return 'Point3D is at {x}, {y}, {z}'.format(x = self.x, y = self.y, z = self.z)",OOP,4291,"class ___:
  def __init__(self, x, y, z):
    self.x = x
    self.y = y
    self.z = z

  def __str__(self):
    return 'Point3D is at {x}, {y}, {z}'.format(x = self.x, y = self.y, z = self.z)",Point3D
Create a class in Python which takes an employee name and salary as parameters and prints them.,"Employee Name: John Smith, Salary: 5000","class Employee:
    def __init__(self, name, salary):
        self.name = name
        self.salary = salary
    
    def print_employee_details(self):
        print('Employee Name: {}, Salary: {}'.format(self.name, self.salary))

employee = Employee('John Smith', 5000)
employee.print_employee_details()",OOP,4321,"class ___:
    def __init__(self, name, salary):
        self.name = name
        self.salary = salary
    
    def print_employee_details(self):
        print('Employee Name: {}, Salary: {}'.format(self.name, self.salary))

employee = Employee('John Smith', 5000)
employee.print_employee_details()",Employee
Format a numerical table of data into a JSON object in Python.,Numerical table of data.,"Assuming the numerical table of data is stored in a 2D list data, a function to format it into a JSON object can be written as follows:

import json
def formatData2JSON(data):
    json_formatted_data = json.dumps(data)
    return json_formatted_data",OOP,4340,"Assuming the numerical table of data is stored in a 2D list data, a function to format it into a JSON object ___ be written as follows:

import json
def formatData2JSON(data):
    json_formatted_data = json.dumps(data)
    return json_formatted_data",can
Design a class in Python that implements a stack,No input,"class Stack:
    def __init__(self):
        self.items = []
    
    def isEmpty(self):
        return self.items == []
    
    def push(self, item):
        self.items.append(item)
    
    def pop(self):
        return self.items.pop()
    
    def peek(self):
        return self.items[len(self.items)-1]
    
    def size(self):
        return len(self.items)",OOP,4380,"class ___:
    def __init__(self):
        self.items = []
    
    def isEmpty(self):
        return self.items == []
    
    def push(self, item):
        self.items.append(item)
    
    def pop(self):
        return self.items.pop()
    
    def peek(self):
        return self.items[len(self.items)-1]
    
    def size(self):
        return len(self.items)",Stack
Design a python class to store fruit and its quantity in a grocery store.,"Banana - 200
Orange - 300
Grapes - 500","class FruitGrocery:
    def __init__(self):
        self.items = {
            'Banana': 200,
            'Orange': 300,
            'Grapes': 500
        }

    def get_item_quantity(self, item):
        return self.items.get(item)",OOP,4742,"class ___:
    def __init__(self):
        self.items = {
            'Banana': 200,
            'Orange': 300,
            'Grapes': 500
        }

    def get_item_quantity(self, item):
        return self.items.get(item)",FruitGrocery
Write a Python class that takes 2 strings as arguments and prints them out in a concatenated form.,"string1 = ""Hello"" 
string2 = ""World""","class ConcatStrings:
    def __init__(self, string1, string2):
        self.string1 = string1
        self.string2 = string2

    def print_concat(self):
        print(self.string1 + self.string2)",OOP,5493,"class ___:
    def __init__(self, string1, string2):
        self.string1 = string1
        self.string2 = string2

    def print_concat(self):
        print(self.string1 + self.string2)",ConcatStrings
Use the given data structure to create a python class.,"data = { 
   ""name"": ""John Doe"",
   ""age"": 30,
   ""city"": ""London""
}","class Person:
    def __init__(self, data):
        self.name = data['name']
        self.age = data['age']
        self.city = data['city']",OOP,5552,"class ___:
    def __init__(self, data):
        self.name = data['name']
        self.age = data['age']
        self.city = data['city']",Person
Create a Python class that has the following functionality.,Create a class with a method to check if a given string contains any vowels or not.,"class StringChecker:
    def containsVowels(self, s):
        vowels = set('aeiouAEIOU')
        for letter in s:
            if letter in vowels:
                return True
        return False",OOP,5822,"class ___:
    def containsVowels(self, s):
        vowels = set('aeiouAEIOU')
        for letter in s:
            if letter in vowels:
                return True
        return False",StringChecker
Create a class in Python to represent a circle containing methods to calculate the area and circumference.,-,"class Circle:
    def __init__(self, radius):
        self.radius = radius

    def area(self):
        return 3.14 * self.radius * self.radius

    def circumference(self):
        return 2 * 3.14 * self.radius",OOP,5908,"class ___:
    def __init__(self, radius):
        self.radius = radius

    def area(self):
        return 3.14 * self.radius * self.radius

    def circumference(self):
        return 2 * 3.14 * self.radius",Circle
"Develop a Python class to represent an employee with name, position and salary.","The employee is named 'John', he is a software engineer and he earns 6000$ per month.","class Employee:
    def __init__(self, name, position, salary):
        self.name = name
        self.position = position
        self.salary = salary

john = Employee('John', 'Software Engineer', 6000)",OOP,5925,"class ___:
    def __init__(self, name, position, salary):
        self.name = name
        self.position = position
        self.salary = salary

john = Employee('John', 'Software Engineer', 6000)",Employee
Write a Python program to generate a Python Class using the given description.,"description = ""This class should store the name, age, and height of a person.""","class Person:
 def __init__(self, name, age, height):
 self.name = name
 self.age = age
 self.height = height
 
 def get_name(self):
 return self.name
 
 def get_age(self):
 return self.age
 
 def get_height(self):
return self.height",OOP,6033,"class ___:
 def __init__(self, name, age, height):
 self.name = name
 self.age = age
 self.height = height
 
 def get_name(self):
 return self.name
 
 def get_age(self):
 return self.age
 
 def get_height(self):
return self.height",Person
"Create a class in Python that inherits from the given base class, and implements the given interface.","BaseClass: Animal
Interface: eat(food)","class Animal:
    def __init__(self, name):
        self.name = name

class Cat(Animal):
    def eat(self, food):
        print(""{} is eating {}!"".format(self.name, food))",OOP,6218,"class ___:
    def __init__(self, name):
        self.name = name

class Cat(Animal):
    def eat(self, food):
        print(""{} is eating {}!"".format(self.name, food))",Animal
Develop a class in Python to keep track of stock prices,Symbol: AAPL,"class Stock:
  def __init__(self, symbol):
    self.symbol = symbol
    self.prices = []
 
  def add_price(self, price):
    self.prices.append(price)
 
  def get_prices(self):
    return self.prices
      
AAPL = Stock('AAPL')
AAPL.add_price(191.43)
AAPL.add_price(193.57)
AAPL.add_price(190.08)
AAPL.get_prices()",OOP,6277,"class ___:
  def __init__(self, symbol):
    self.symbol = symbol
    self.prices = []
 
  def add_price(self, price):
    self.prices.append(price)
 
  def get_prices(self):
    return self.prices
      
AAPL = Stock('AAPL')
AAPL.add_price(191.43)
AAPL.add_price(193.57)
AAPL.add_price(190.08)
AAPL.get_prices()",Stock
Generate a class in Python with the given properties and methods.,"Class Name: Student
Properties:
Name - String
Age - Integer
Methods:
getInfo() - Returns a string with student's name and age","class Student:
    def __init__(self, name, age):
        self.name = name
        self.age = age

    def getInfo(self):
        return ""Name: {}, Age: {}"".format(self.name, self.age)",OOP,6549,"class ___:
    def __init__(self, name, age):
        self.name = name
        self.age = age

    def getInfo(self):
        return ""Name: {}, Age: {}"".format(self.name, self.age)",Student
Write a class definition in python that will initialize an object of the class with given parameters,"name, age","class Person:
    def __init__(self, name, age):
        self.name = name
        self.age = age",OOP,6614,"class ___:
    def __init__(self, name, age):
        self.name = name
        self.age = age",Person
Generate a Python code to create a class which creates an empty dictionary with the given keys.,"""name, age""","class EmptyDictionary:
    def __init__(self, keys):
        self.keys = [k.strip() for k in keys.split("","")]
        self.dictionary = {k: None for k in self.keys}
            
    def get_dictionary(self):
        return self.dictionary",OOP,6690,"class ___:
    def __init__(self, keys):
        self.keys = [k.strip() for k in keys.split("","")]
        self.dictionary = {k: None for k in self.keys}
            
    def get_dictionary(self):
        return self.dictionary",EmptyDictionary
Write a class that implements the singleton pattern in Python.,No input,"class Singleton:
    instance = None

    @staticmethod
    def get_instance():
        if Singleton.instance is None:
            Singleton.instance = Singleton()
        return Singleton.instance",OOP,6757,"class ___:
    instance = None

    @staticmethod
    def get_instance():
        if Singleton.instance is None:
            Singleton.instance = Singleton()
        return Singleton.instance",Singleton
Provide a valid Python class definition that uses the below given values.,"Class_name = 'Automobile'
 attributes  = 'speed' , 'color'
 methods = 'set_speed', 'set_color'","class Automobile:
    def __init__(self, speed, color):
        self.speed = speed
        self.color = color

    def set_speed(self, speed):
        self.speed = speed
    
    def set_color(self, color):
        self.color = color",OOP,6800,"class ___:
    def __init__(self, speed, color):
        self.speed = speed
        self.color = color

    def set_speed(self, speed):
        self.speed = speed
    
    def set_color(self, color):
        self.color = color",Automobile
Develop a class in Python to optimize the existing code.,"def display_message(message):
  print(message)

display_message('Hello World!')","class Display():
  def __init__(self, message):
    self.message = message
    
  def display_message(self):
    print(self.message)
    
message = input('Enter a message: ')
display_obj = Display(message)
display_obj.display_message()",OOP,6889,"class ___():
  def __init__(self, message):
    self.message = message
    
  def display_message(self):
    print(self.message)
    
message = input('Enter a message: ')
display_obj = Display(message)
display_obj.display_message()",Display
Create a class in Python to store user information with the given attributes.,"Attributes- username, email, profile_picture","class UserInformation:
    def __init__(self, username, email, profile_picture):
        self.username = username
        self.email = email
        self.profile_picture = profile_picture",OOP,7182,"class ___:
    def __init__(self, username, email, profile_picture):
        self.username = username
        self.email = email
        self.profile_picture = profile_picture",UserInformation
Use a given class to deserialize a JSON response into a Python dictionary.,"import json
from some_library import Deserializer

class MyDeserializer(Deserializer):
    pass

response = '{""data"": ""abc""}'","class MyDeserializer(Deserializer):
    def deserialize(self, response):
        return json.loads(response)

deserializer = MyDeserializer()
deserialized_data = deserializer.deserialize(response)

print(deserialized_data)",OOP,7206,"class ___(Deserializer):
    def deserialize(self, response):
        return json.loads(response)

deserializer = MyDeserializer()
deserialized_data = deserializer.deserialize(response)

print(deserialized_data)",MyDeserializer
Generate a Python class with the following variables.,"name, job, age","class Person:
  def __init__(self, name, job, age):
    self.name = name
    self.job = job
    self.age = age",OOP,7267,"class ___:
  def __init__(self, name, job, age):
    self.name = name
    self.job = job
    self.age = age",Person
Generate a valid python class that captures person information,"Name, Age, Gender, Nationality","class Person:
    def __init__(self, name, age, gender, nationality):
        self.name = name
        self.age = age
        self.gender = gender
        self.nationality = nationality
 
    def __str__(self):
        return 'Name: {}\nAge: {}\nGender: {}\nNationality: {}'.format(
            self.name, self.age, self.gender, self.nationality)",OOP,7364,"class ___:
    def __init__(self, name, age, gender, nationality):
        self.name = name
        self.age = age
        self.gender = gender
        self.nationality = nationality
 
    def __str__(self):
        return 'Name: {}\nAge: {}\nGender: {}\nNationality: {}'.format(
            self.name, self.age, self.gender, self.nationality)",Person
